[
{
  "model": "auth.permission",
  "pk": 1,
  "fields": {
    "name": "Can add log entry",
    "content_type": 1,
    "codename": "add_logentry"
  }
},
{
  "model": "auth.permission",
  "pk": 2,
  "fields": {
    "name": "Can change log entry",
    "content_type": 1,
    "codename": "change_logentry"
  }
},
{
  "model": "auth.permission",
  "pk": 3,
  "fields": {
    "name": "Can delete log entry",
    "content_type": 1,
    "codename": "delete_logentry"
  }
},
{
  "model": "auth.permission",
  "pk": 4,
  "fields": {
    "name": "Can view log entry",
    "content_type": 1,
    "codename": "view_logentry"
  }
},
{
  "model": "auth.permission",
  "pk": 5,
  "fields": {
    "name": "Can add permission",
    "content_type": 2,
    "codename": "add_permission"
  }
},
{
  "model": "auth.permission",
  "pk": 6,
  "fields": {
    "name": "Can change permission",
    "content_type": 2,
    "codename": "change_permission"
  }
},
{
  "model": "auth.permission",
  "pk": 7,
  "fields": {
    "name": "Can delete permission",
    "content_type": 2,
    "codename": "delete_permission"
  }
},
{
  "model": "auth.permission",
  "pk": 8,
  "fields": {
    "name": "Can view permission",
    "content_type": 2,
    "codename": "view_permission"
  }
},
{
  "model": "auth.permission",
  "pk": 9,
  "fields": {
    "name": "Can add group",
    "content_type": 3,
    "codename": "add_group"
  }
},
{
  "model": "auth.permission",
  "pk": 10,
  "fields": {
    "name": "Can change group",
    "content_type": 3,
    "codename": "change_group"
  }
},
{
  "model": "auth.permission",
  "pk": 11,
  "fields": {
    "name": "Can delete group",
    "content_type": 3,
    "codename": "delete_group"
  }
},
{
  "model": "auth.permission",
  "pk": 12,
  "fields": {
    "name": "Can view group",
    "content_type": 3,
    "codename": "view_group"
  }
},
{
  "model": "auth.permission",
  "pk": 13,
  "fields": {
    "name": "Can add content type",
    "content_type": 4,
    "codename": "add_contenttype"
  }
},
{
  "model": "auth.permission",
  "pk": 14,
  "fields": {
    "name": "Can change content type",
    "content_type": 4,
    "codename": "change_contenttype"
  }
},
{
  "model": "auth.permission",
  "pk": 15,
  "fields": {
    "name": "Can delete content type",
    "content_type": 4,
    "codename": "delete_contenttype"
  }
},
{
  "model": "auth.permission",
  "pk": 16,
  "fields": {
    "name": "Can view content type",
    "content_type": 4,
    "codename": "view_contenttype"
  }
},
{
  "model": "auth.permission",
  "pk": 17,
  "fields": {
    "name": "Can add session",
    "content_type": 5,
    "codename": "add_session"
  }
},
{
  "model": "auth.permission",
  "pk": 18,
  "fields": {
    "name": "Can change session",
    "content_type": 5,
    "codename": "change_session"
  }
},
{
  "model": "auth.permission",
  "pk": 19,
  "fields": {
    "name": "Can delete session",
    "content_type": 5,
    "codename": "delete_session"
  }
},
{
  "model": "auth.permission",
  "pk": 20,
  "fields": {
    "name": "Can view session",
    "content_type": 5,
    "codename": "view_session"
  }
},
{
  "model": "auth.permission",
  "pk": 21,
  "fields": {
    "name": "Can add dealer",
    "content_type": 6,
    "codename": "add_dealer"
  }
},
{
  "model": "auth.permission",
  "pk": 22,
  "fields": {
    "name": "Can change dealer",
    "content_type": 6,
    "codename": "change_dealer"
  }
},
{
  "model": "auth.permission",
  "pk": 23,
  "fields": {
    "name": "Can delete dealer",
    "content_type": 6,
    "codename": "delete_dealer"
  }
},
{
  "model": "auth.permission",
  "pk": 24,
  "fields": {
    "name": "Can view dealer",
    "content_type": 6,
    "codename": "view_dealer"
  }
},
{
  "model": "auth.permission",
  "pk": 25,
  "fields": {
    "name": "Can add invoice",
    "content_type": 7,
    "codename": "add_invoice"
  }
},
{
  "model": "auth.permission",
  "pk": 26,
  "fields": {
    "name": "Can change invoice",
    "content_type": 7,
    "codename": "change_invoice"
  }
},
{
  "model": "auth.permission",
  "pk": 27,
  "fields": {
    "name": "Can delete invoice",
    "content_type": 7,
    "codename": "delete_invoice"
  }
},
{
  "model": "auth.permission",
  "pk": 28,
  "fields": {
    "name": "Can view invoice",
    "content_type": 7,
    "codename": "view_invoice"
  }
},
{
  "model": "auth.permission",
  "pk": 29,
  "fields": {
    "name": "Can add product",
    "content_type": 8,
    "codename": "add_product"
  }
},
{
  "model": "auth.permission",
  "pk": 30,
  "fields": {
    "name": "Can change product",
    "content_type": 8,
    "codename": "change_product"
  }
},
{
  "model": "auth.permission",
  "pk": 31,
  "fields": {
    "name": "Can delete product",
    "content_type": 8,
    "codename": "delete_product"
  }
},
{
  "model": "auth.permission",
  "pk": 32,
  "fields": {
    "name": "Can view product",
    "content_type": 8,
    "codename": "view_product"
  }
},
{
  "model": "auth.permission",
  "pk": 33,
  "fields": {
    "name": "Can add state",
    "content_type": 9,
    "codename": "add_state"
  }
},
{
  "model": "auth.permission",
  "pk": 34,
  "fields": {
    "name": "Can change state",
    "content_type": 9,
    "codename": "change_state"
  }
},
{
  "model": "auth.permission",
  "pk": 35,
  "fields": {
    "name": "Can delete state",
    "content_type": 9,
    "codename": "delete_state"
  }
},
{
  "model": "auth.permission",
  "pk": 36,
  "fields": {
    "name": "Can view state",
    "content_type": 9,
    "codename": "view_state"
  }
},
{
  "model": "auth.permission",
  "pk": 37,
  "fields": {
    "name": "Can add purchase",
    "content_type": 10,
    "codename": "add_purchase"
  }
},
{
  "model": "auth.permission",
  "pk": 38,
  "fields": {
    "name": "Can change purchase",
    "content_type": 10,
    "codename": "change_purchase"
  }
},
{
  "model": "auth.permission",
  "pk": 39,
  "fields": {
    "name": "Can delete purchase",
    "content_type": 10,
    "codename": "delete_purchase"
  }
},
{
  "model": "auth.permission",
  "pk": 40,
  "fields": {
    "name": "Can view purchase",
    "content_type": 10,
    "codename": "view_purchase"
  }
},
{
  "model": "auth.permission",
  "pk": 41,
  "fields": {
    "name": "Can add invoice item",
    "content_type": 11,
    "codename": "add_invoiceitem"
  }
},
{
  "model": "auth.permission",
  "pk": 42,
  "fields": {
    "name": "Can change invoice item",
    "content_type": 11,
    "codename": "change_invoiceitem"
  }
},
{
  "model": "auth.permission",
  "pk": 43,
  "fields": {
    "name": "Can delete invoice item",
    "content_type": 11,
    "codename": "delete_invoiceitem"
  }
},
{
  "model": "auth.permission",
  "pk": 44,
  "fields": {
    "name": "Can view invoice item",
    "content_type": 11,
    "codename": "view_invoiceitem"
  }
},
{
  "model": "auth.permission",
  "pk": 45,
  "fields": {
    "name": "Can add user",
    "content_type": 12,
    "codename": "add_customuser"
  }
},
{
  "model": "auth.permission",
  "pk": 46,
  "fields": {
    "name": "Can change user",
    "content_type": 12,
    "codename": "change_customuser"
  }
},
{
  "model": "auth.permission",
  "pk": 47,
  "fields": {
    "name": "Can delete user",
    "content_type": 12,
    "codename": "delete_customuser"
  }
},
{
  "model": "auth.permission",
  "pk": 48,
  "fields": {
    "name": "Can view user",
    "content_type": 12,
    "codename": "view_customuser"
  }
},
{
  "model": "auth.permission",
  "pk": 49,
  "fields": {
    "name": "Can add account",
    "content_type": 13,
    "codename": "add_account"
  }
},
{
  "model": "auth.permission",
  "pk": 50,
  "fields": {
    "name": "Can change account",
    "content_type": 13,
    "codename": "change_account"
  }
},
{
  "model": "auth.permission",
  "pk": 51,
  "fields": {
    "name": "Can delete account",
    "content_type": 13,
    "codename": "delete_account"
  }
},
{
  "model": "auth.permission",
  "pk": 52,
  "fields": {
    "name": "Can view account",
    "content_type": 13,
    "codename": "view_account"
  }
},
{
  "model": "auth.permission",
  "pk": 53,
  "fields": {
    "name": "Can add performa invoice",
    "content_type": 14,
    "codename": "add_performainvoice"
  }
},
{
  "model": "auth.permission",
  "pk": 54,
  "fields": {
    "name": "Can change performa invoice",
    "content_type": 14,
    "codename": "change_performainvoice"
  }
},
{
  "model": "auth.permission",
  "pk": 55,
  "fields": {
    "name": "Can delete performa invoice",
    "content_type": 14,
    "codename": "delete_performainvoice"
  }
},
{
  "model": "auth.permission",
  "pk": 56,
  "fields": {
    "name": "Can view performa invoice",
    "content_type": 14,
    "codename": "view_performainvoice"
  }
},
{
  "model": "auth.permission",
  "pk": 57,
  "fields": {
    "name": "Can add performa invoice item",
    "content_type": 15,
    "codename": "add_performainvoiceitem"
  }
},
{
  "model": "auth.permission",
  "pk": 58,
  "fields": {
    "name": "Can change performa invoice item",
    "content_type": 15,
    "codename": "change_performainvoiceitem"
  }
},
{
  "model": "auth.permission",
  "pk": 59,
  "fields": {
    "name": "Can delete performa invoice item",
    "content_type": 15,
    "codename": "delete_performainvoiceitem"
  }
},
{
  "model": "auth.permission",
  "pk": 60,
  "fields": {
    "name": "Can view performa invoice item",
    "content_type": 15,
    "codename": "view_performainvoiceitem"
  }
},
{
  "model": "contenttypes.contenttype",
  "pk": 1,
  "fields": {
    "app_label": "admin",
    "model": "logentry"
  }
},
{
  "model": "contenttypes.contenttype",
  "pk": 2,
  "fields": {
    "app_label": "auth",
    "model": "permission"
  }
},
{
  "model": "contenttypes.contenttype",
  "pk": 3,
  "fields": {
    "app_label": "auth",
    "model": "group"
  }
},
{
  "model": "contenttypes.contenttype",
  "pk": 4,
  "fields": {
    "app_label": "contenttypes",
    "model": "contenttype"
  }
},
{
  "model": "contenttypes.contenttype",
  "pk": 5,
  "fields": {
    "app_label": "sessions",
    "model": "session"
  }
},
{
  "model": "contenttypes.contenttype",
  "pk": 6,
  "fields": {
    "app_label": "Developer",
    "model": "dealer"
  }
},
{
  "model": "contenttypes.contenttype",
  "pk": 7,
  "fields": {
    "app_label": "Developer",
    "model": "invoice"
  }
},
{
  "model": "contenttypes.contenttype",
  "pk": 8,
  "fields": {
    "app_label": "Developer",
    "model": "product"
  }
},
{
  "model": "contenttypes.contenttype",
  "pk": 9,
  "fields": {
    "app_label": "Developer",
    "model": "state"
  }
},
{
  "model": "contenttypes.contenttype",
  "pk": 10,
  "fields": {
    "app_label": "Developer",
    "model": "purchase"
  }
},
{
  "model": "contenttypes.contenttype",
  "pk": 11,
  "fields": {
    "app_label": "Developer",
    "model": "invoiceitem"
  }
},
{
  "model": "contenttypes.contenttype",
  "pk": 12,
  "fields": {
    "app_label": "Developer",
    "model": "customuser"
  }
},
{
  "model": "contenttypes.contenttype",
  "pk": 13,
  "fields": {
    "app_label": "Developer",
    "model": "account"
  }
},
{
  "model": "contenttypes.contenttype",
  "pk": 14,
  "fields": {
    "app_label": "Developer",
    "model": "performainvoice"
  }
},
{
  "model": "contenttypes.contenttype",
  "pk": 15,
  "fields": {
    "app_label": "Developer",
    "model": "performainvoiceitem"
  }
},
{
  "model": "sessions.session",
  "pk": "b1pv6ndcqfa3v1t8b3spdq8jew7mthst",
  "fields": {
    "session_data": ".eJxVjMsOwiAQRf-FtSEMb1y69xvIwFCpGkhKuzL-uzbpQrf3nHNfLOK21riNssSZ2JkBO_1uCfOjtB3QHdut89zbusyJ7wo_6ODXTuV5Ody_g4qjfmsjgkOQRUihPVnAkqfstPdSWBe8Aq9JyKJs8MEktJSSBhAEBibnULH3B7PhNq4:1rEOj1:FyPpcA_vMtH5eDIOFdooodzbxDciWT-3VM3hMhGEtG8",
    "expire_date": "2023-12-30T07:04:39.893Z"
  }
},
{
  "model": "sessions.session",
  "pk": "fv28a0opbe0vda1scitmu8t8k90mfpne",
  "fields": {
    "session_data": ".eJxVjsEOwiAQRP-FsyHQQmU9evcbyMIuFjWQlNaL8d9tTQ96nTfzMi_hcZlHvzSefCZxEp04_GYB453LBuiG5VplrGWecpBbRe60yUslfpz37p9gxDauaw2AyhinBlCULKGNRkeC0PchRYiOyGA6agJ23AWwqHVgo4bUWQ09r9LGreVafC7PmiN_77r3B1wwQJY:1rEVck:iyqPkzsypKzPd79p20AMngL9O1XCZ6d2_TtdE1SLRME",
    "expire_date": "2023-12-30T14:26:38.809Z"
  }
},
{
  "model": "sessions.session",
  "pk": "inqgmk8wodghasrjk2wwmmia99z651p8",
  "fields": {
    "session_data": ".eJxVjssOwiAURP-FtSFcSnm4dN9vIBe4taiBpLRujP9ua7rQ7ZyZk3kxj-sy-bXR7HNiZwbs9JsFjHcqO0g3LNfKYy3LnAPfK_ygjQ810eNydP8EE7ZpW_fCGQRJQgplkwakOEajrJVCG2c7sCoJSZ121vUBdQpBAYgEPYzGYLdJG7WWa_G5PGuO9L0r3x8BrT8G:1rEOcn:2bNynetf2Kk1ENjnIZt6Y6YtfH-PGe5-k2ZUQm41ueE",
    "expire_date": "2023-12-30T06:58:13.940Z"
  }
},
{
  "model": "Developer.customuser",
  "pk": 1,
  "fields": {
    "password": "pbkdf2_sha256$600000$b8Ndlbg3X1HLq12mXUNpMW$tmQ1eCEtHbmjvudwRRGyIevFzsOBA/RKSG8hPCW8SK8=",
    "last_login": "2023-12-16T13:32:26.141Z",
    "is_superuser": false,
    "username": "Admin",
    "first_name": "",
    "last_name": "",
    "email": "",
    "is_staff": false,
    "is_active": true,
    "date_joined": "2023-12-16T06:55:54.362Z",
    "name": "Rameshwar Pawar",
    "designation": "Developer",
    "is_admin": true,
    "profile_image": "prifile_images/hero_bg.jpg",
    "groups": [],
    "user_permissions": []
  }
},
{
  "model": "Developer.customuser",
  "pk": 2,
  "fields": {
    "password": "pbkdf2_sha256$600000$Mk83Ljt0SBLhELkcK9hdae$HqHUMJuFfygV+bZtF7bbugigzIDI9yqKYWIO3CFhrtM=",
    "last_login": "2023-12-16T14:26:08.815Z",
    "is_superuser": false,
    "username": "Staff",
    "first_name": "",
    "last_name": "",
    "email": "",
    "is_staff": true,
    "is_active": true,
    "date_joined": "2023-12-16T12:52:08.655Z",
    "name": "Rameshwar Pawar",
    "designation": "Staff",
    "is_admin": false,
    "profile_image": "prifile_images/hero_AkBEPrr.jpg",
    "groups": [],
    "user_permissions": []
  }
},
{
  "model": "Developer.state",
  "pk": 1,
  "fields": {
    "state_name": "Andhra Pradesh"
  }
},
{
  "model": "Developer.state",
  "pk": 2,
  "fields": {
    "state_name": "Arunachal Pradesh"
  }
},
{
  "model": "Developer.state",
  "pk": 3,
  "fields": {
    "state_name": "Assam"
  }
},
{
  "model": "Developer.state",
  "pk": 4,
  "fields": {
    "state_name": "Bihar"
  }
},
{
  "model": "Developer.state",
  "pk": 5,
  "fields": {
    "state_name": "Chhattisgarh"
  }
},
{
  "model": "Developer.state",
  "pk": 6,
  "fields": {
    "state_name": "Goa"
  }
},
{
  "model": "Developer.state",
  "pk": 7,
  "fields": {
    "state_name": "Gujarat"
  }
},
{
  "model": "Developer.state",
  "pk": 8,
  "fields": {
    "state_name": "Haryana"
  }
},
{
  "model": "Developer.state",
  "pk": 9,
  "fields": {
    "state_name": "Himachal Pradesh"
  }
},
{
  "model": "Developer.state",
  "pk": 10,
  "fields": {
    "state_name": "Jharkhand"
  }
},
{
  "model": "Developer.state",
  "pk": 11,
  "fields": {
    "state_name": "Karnataka"
  }
},
{
  "model": "Developer.state",
  "pk": 12,
  "fields": {
    "state_name": "Kerala"
  }
},
{
  "model": "Developer.state",
  "pk": 13,
  "fields": {
    "state_name": "Madhya Pradesh"
  }
},
{
  "model": "Developer.state",
  "pk": 14,
  "fields": {
    "state_name": "Maharashtra"
  }
},
{
  "model": "Developer.state",
  "pk": 15,
  "fields": {
    "state_name": "Manipur"
  }
},
{
  "model": "Developer.state",
  "pk": 16,
  "fields": {
    "state_name": "Meghalaya"
  }
},
{
  "model": "Developer.state",
  "pk": 17,
  "fields": {
    "state_name": "Mizoram"
  }
},
{
  "model": "Developer.state",
  "pk": 18,
  "fields": {
    "state_name": "Nagaland"
  }
},
{
  "model": "Developer.state",
  "pk": 19,
  "fields": {
    "state_name": "Odisha"
  }
},
{
  "model": "Developer.state",
  "pk": 20,
  "fields": {
    "state_name": "Punjab"
  }
},
{
  "model": "Developer.state",
  "pk": 21,
  "fields": {
    "state_name": "Rajasthan"
  }
},
{
  "model": "Developer.state",
  "pk": 22,
  "fields": {
    "state_name": "Sikkim"
  }
},
{
  "model": "Developer.state",
  "pk": 23,
  "fields": {
    "state_name": "Tamil Nadu"
  }
},
{
  "model": "Developer.state",
  "pk": 24,
  "fields": {
    "state_name": "Telangana"
  }
},
{
  "model": "Developer.state",
  "pk": 25,
  "fields": {
    "state_name": "Tripura"
  }
},
{
  "model": "Developer.state",
  "pk": 26,
  "fields": {
    "state_name": "Uttar Pradesh"
  }
},
{
  "model": "Developer.state",
  "pk": 27,
  "fields": {
    "state_name": "Uttarakhand"
  }
},
{
  "model": "Developer.state",
  "pk": 28,
  "fields": {
    "state_name": "West Bengal"
  }
},
{
  "model": "Developer.dealer",
  "pk": 1,
  "fields": {
    "dealer_name": "Rameshwar Pawar",
    "business_name": "RP Technologies",
    "mobile_no": "0777682456",
    "email_id": "prameshwar4378@gmail.com",
    "address": "At.Takali Sagaj Tq.Vaijapur, Dist.Aurangabad",
    "state": 14,
    "pin_code": "423701",
    "gst_number": "GSTIN220156454646"
  }
},
{
  "model": "Developer.dealer",
  "pk": 2,
  "fields": {
    "dealer_name": "Sandesh Jadhav",
    "business_name": "Part Technologies",
    "mobile_no": "0777682456",
    "email_id": "prameshwar4378@gmail.com",
    "address": "At.Takali Sagaj Tq.Vaijapur, Dist.Aurangabad",
    "state": 15,
    "pin_code": "423701",
    "gst_number": "GSTIN220156454646"
  }
},
{
  "model": "Developer.product",
  "pk": 1,
  "fields": {
    "product_code": "DC0001",
    "product_name": "DHARAMRAJ RAJWADI HOOD (32\")",
    "description": null,
    "sale_amount": 200,
    "hsn_sac": 87089900,
    "gst": "18",
    "available_stock": 30
  }
},
{
  "model": "Developer.product",
  "pk": 2,
  "fields": {
    "product_code": "DC0002",
    "product_name": "DHARAMRAJ RAJWADI HOOD (28\")",
    "description": null,
    "sale_amount": 300,
    "hsn_sac": 87089900,
    "gst": "18",
    "available_stock": 11
  }
},
{
  "model": "Developer.product",
  "pk": 3,
  "fields": {
    "product_code": "DC0003",
    "product_name": "DHARAMRAJ PUNJABI HOOD",
    "description": null,
    "sale_amount": 400,
    "hsn_sac": 87089900,
    "gst": "18",
    "available_stock": 0
  }
},
{
  "model": "Developer.product",
  "pk": 4,
  "fields": {
    "product_code": "DC0004",
    "product_name": "DHARAMRAJ HOOD - LS MODEL",
    "description": null,
    "sale_amount": 500,
    "hsn_sac": 87089900,
    "gst": "18",
    "available_stock": 0
  }
},
{
  "model": "Developer.product",
  "pk": 5,
  "fields": {
    "product_code": "DC0005",
    "product_name": "DHARAMRAJ BUMPER - LS MODEL",
    "description": null,
    "sale_amount": 600,
    "hsn_sac": 87089900,
    "gst": "18",
    "available_stock": 0
  }
},
{
  "model": "Developer.product",
  "pk": 6,
  "fields": {
    "product_code": "DC0006",
    "product_name": "DHARAMRAJ BUMPER - 7G MODEL",
    "description": null,
    "sale_amount": 700,
    "hsn_sac": 87089900,
    "gst": "18",
    "available_stock": 0
  }
},
{
  "model": "Developer.product",
  "pk": 7,
  "fields": {
    "product_code": "DC0007",
    "product_name": "DHARAMRAJ PETI BUMPER",
    "description": null,
    "sale_amount": 800,
    "hsn_sac": 87089900,
    "gst": "18",
    "available_stock": 0
  }
},
{
  "model": "Developer.product",
  "pk": 8,
  "fields": {
    "product_code": "DC0008",
    "product_name": "DHARAMRAJ RAJWADI HOOD CLOTH",
    "description": null,
    "sale_amount": 900,
    "hsn_sac": 87089900,
    "gst": "18",
    "available_stock": 0
  }
},
{
  "model": "Developer.product",
  "pk": 9,
  "fields": {
    "product_code": "DC0009",
    "product_name": "DHARAMRAJ CULTIVATOR -7 DUCK FOOT",
    "description": null,
    "sale_amount": 1000,
    "hsn_sac": 84328090,
    "gst": "12",
    "available_stock": 0
  }
},
{
  "model": "Developer.product",
  "pk": 10,
  "fields": {
    "product_code": "DC0010",
    "product_name": "DHARAMRAJ CULTIVATOR -5 DUCK FOOT (SET)",
    "description": null,
    "sale_amount": 1100,
    "hsn_sac": 84328090,
    "gst": "12",
    "available_stock": 0
  }
},
{
  "model": "Developer.product",
  "pk": 11,
  "fields": {
    "product_code": "DC0011",
    "product_name": "DHARAMRAJ CULTIVATOR 7 TINE",
    "description": null,
    "sale_amount": 1200,
    "hsn_sac": 84328090,
    "gst": "12",
    "available_stock": 0
  }
},
{
  "model": "Developer.product",
  "pk": 12,
  "fields": {
    "product_code": "DC0012",
    "product_name": "DHARAMRAJ CULTIVATOR -5 TINE (SET)",
    "description": null,
    "sale_amount": 1300,
    "hsn_sac": 84328090,
    "gst": "12",
    "available_stock": 0
  }
},
{
  "model": "Developer.product",
  "pk": 13,
  "fields": {
    "product_code": "DC0013",
    "product_name": "DHARAMRAJ CULTIVATOR - 3 CHISEL",
    "description": null,
    "sale_amount": 1400,
    "hsn_sac": 84328090,
    "gst": "12",
    "available_stock": 0
  }
},
{
  "model": "Developer.product",
  "pk": 14,
  "fields": {
    "product_code": "DC0014",
    "product_name": "DHARAMRAJ CULTIVATOR BRACKET BULLOCK DRAWN",
    "description": null,
    "sale_amount": 1500,
    "hsn_sac": 84328090,
    "gst": "12",
    "available_stock": 0
  }
},
{
  "model": "Developer.product",
  "pk": 15,
  "fields": {
    "product_code": "DC0015",
    "product_name": "DHARAMRAJ LAND LEVELER",
    "description": null,
    "sale_amount": 1600,
    "hsn_sac": 84328090,
    "gst": "12",
    "available_stock": 0
  }
},
{
  "model": "Developer.product",
  "pk": 16,
  "fields": {
    "product_code": "DC0016",
    "product_name": "DHARAMRAJ MOULD BOARD PLOUGH 2 FARROW",
    "description": null,
    "sale_amount": 1700,
    "hsn_sac": 84321090,
    "gst": "12",
    "available_stock": 0
  }
},
{
  "model": "Developer.product",
  "pk": 17,
  "fields": {
    "product_code": "DC0017",
    "product_name": "DHARAMRAJ MOULD BOARD PLOUGH 3 FARROW",
    "description": null,
    "sale_amount": 1800,
    "hsn_sac": 84321090,
    "gst": "12",
    "available_stock": 0
  }
},
{
  "model": "Developer.product",
  "pk": 18,
  "fields": {
    "product_code": "DC0018",
    "product_name": "DHARAMRAJ MOULD BOARD PLOUGH REVERSIBLE",
    "description": null,
    "sale_amount": 1900,
    "hsn_sac": 84328090,
    "gst": "12",
    "available_stock": 0
  }
},
{
  "model": "Developer.product",
  "pk": 19,
  "fields": {
    "product_code": "DC0019",
    "product_name": "DHARAMRAJ MOULD BOARD PLOUGH REVERSIBLE - 170 KG",
    "description": null,
    "sale_amount": 2000,
    "hsn_sac": 84328090,
    "gst": "12",
    "available_stock": 0
  }
},
{
  "model": "Developer.product",
  "pk": 20,
  "fields": {
    "product_code": "DC0020",
    "product_name": "DHARAMRAJ MOULD BOARD PLOUGH REVERSIBLE - 200 KG",
    "description": null,
    "sale_amount": 2100,
    "hsn_sac": 84328090,
    "gst": "12",
    "available_stock": 0
  }
},
{
  "model": "Developer.product",
  "pk": 21,
  "fields": {
    "product_code": "DC0021",
    "product_name": "DHARAMRAJ MOULD BOARD PLOUGH REVERSIBLE - 320 KG",
    "description": null,
    "sale_amount": 2200,
    "hsn_sac": 84328090,
    "gst": "12",
    "available_stock": 0
  }
},
{
  "model": "Developer.product",
  "pk": 22,
  "fields": {
    "product_code": "DC0022",
    "product_name": "DHARAMRAJ MOULD BOARD PLOUGH REVERSIBLE - 330 KG",
    "description": null,
    "sale_amount": 2300,
    "hsn_sac": 84328090,
    "gst": "12",
    "available_stock": 0
  }
},
{
  "model": "Developer.product",
  "pk": 23,
  "fields": {
    "product_code": "DC0023",
    "product_name": "DHARAMRAJ MOULD BOARD PLOUGH REVERSIBLE - 360 KG",
    "description": null,
    "sale_amount": 2400,
    "hsn_sac": 84328090,
    "gst": "12",
    "available_stock": 0
  }
},
{
  "model": "Developer.product",
  "pk": 24,
  "fields": {
    "product_code": "DC0024",
    "product_name": "DHARAMRAJ POST HOLE DIGGER 9 INCH",
    "description": null,
    "sale_amount": 2500,
    "hsn_sac": 84328090,
    "gst": "12",
    "available_stock": 0
  }
},
{
  "model": "Developer.product",
  "pk": 25,
  "fields": {
    "product_code": "DC0025",
    "product_name": "DHARAMRAJ RIDGER (1 ROW)",
    "description": null,
    "sale_amount": 2600,
    "hsn_sac": 84328090,
    "gst": "12",
    "available_stock": 0
  }
},
{
  "model": "Developer.product",
  "pk": 26,
  "fields": {
    "product_code": "DC0026",
    "product_name": "DHARAMRAJ RIDGER (2 ROW)",
    "description": null,
    "sale_amount": 2700,
    "hsn_sac": 84328090,
    "gst": "12",
    "available_stock": 0
  }
},
{
  "model": "Developer.product",
  "pk": 27,
  "fields": {
    "product_code": "DC0027",
    "product_name": "DHARAMRAJ SPRAYER PUMP 9 NOZZLE (BOOM) - 200 LTR.",
    "description": null,
    "sale_amount": 2800,
    "hsn_sac": 84248200,
    "gst": "18",
    "available_stock": 0
  }
},
{
  "model": "Developer.product",
  "pk": 28,
  "fields": {
    "product_code": "DC0028",
    "product_name": "DHARAMRAJ SPRAYER PUMP 9 NOZZLE (BOOM) - 300 LTR.",
    "description": null,
    "sale_amount": 2900,
    "hsn_sac": 84248200,
    "gst": "18",
    "available_stock": 0
  }
},
{
  "model": "Developer.product",
  "pk": 29,
  "fields": {
    "product_code": "DC0029",
    "product_name": "DHARAMRAJ TANKER (2000 LTR.)",
    "description": null,
    "sale_amount": 3000,
    "hsn_sac": 87163100,
    "gst": "18",
    "available_stock": 0
  }
},
{
  "model": "Developer.product",
  "pk": 30,
  "fields": {
    "product_code": "DC0030",
    "product_name": "DHARAMRAJ TRAILER – (35 FEET -6.00X16 TYRE)",
    "description": null,
    "sale_amount": 3100,
    "hsn_sac": 87162000,
    "gst": "12",
    "available_stock": 0
  }
},
{
  "model": "Developer.product",
  "pk": 31,
  "fields": {
    "product_code": "DC0031",
    "product_name": "DHARAMRAJ TRAILER (50 FEET - 6.00X16 TYRE)",
    "description": null,
    "sale_amount": 3200,
    "hsn_sac": 87162000,
    "gst": "12",
    "available_stock": 0
  }
},
{
  "model": "Developer.product",
  "pk": 32,
  "fields": {
    "product_code": "DC0032",
    "product_name": "DHARAMRAJ TRAILER (60 FEET- 6.00X16 TYRE)",
    "description": null,
    "sale_amount": 3300,
    "hsn_sac": 87162000,
    "gst": "12",
    "available_stock": 0
  }
},
{
  "model": "Developer.product",
  "pk": 33,
  "fields": {
    "product_code": "DC0033",
    "product_name": "DHARAMRAJ TRAILER – 60 FEET (7.50 X 16)",
    "description": null,
    "sale_amount": 3400,
    "hsn_sac": 87162000,
    "gst": "12",
    "available_stock": 0
  }
},
{
  "model": "Developer.product",
  "pk": 34,
  "fields": {
    "product_code": "DC0034",
    "product_name": "DHARAMRAJ TRAILER – 90 FEET (9.00 X 16)",
    "description": null,
    "sale_amount": 3500,
    "hsn_sac": 87162000,
    "gst": "12",
    "available_stock": 0
  }
},
{
  "model": "Developer.product",
  "pk": 35,
  "fields": {
    "product_code": "DC0035",
    "product_name": "DHARAMRAJ ROTARY TILLER 0.8M ('L' TYPE ) GEAR DRIVE - 16 BLADE",
    "description": null,
    "sale_amount": 3600,
    "hsn_sac": 84328020,
    "gst": "12",
    "available_stock": 0
  }
},
{
  "model": "Developer.product",
  "pk": 36,
  "fields": {
    "product_code": "DC0036",
    "product_name": "DHARAMRAJ ROTARY TILLER 1M. ('L' TYPE ) GEAR DRIVE - 20 BLADE",
    "description": null,
    "sale_amount": 3700,
    "hsn_sac": 84328020,
    "gst": "12",
    "available_stock": 0
  }
},
{
  "model": "Developer.product",
  "pk": 37,
  "fields": {
    "product_code": "DC0037",
    "product_name": "DHARAMRAJ ROTARY TILLER 1.2M ('L' TYPE ) GEAR DRIVE - 24 BLADE",
    "description": null,
    "sale_amount": 3800,
    "hsn_sac": 84328020,
    "gst": "12",
    "available_stock": 0
  }
},
{
  "model": "Developer.product",
  "pk": 38,
  "fields": {
    "product_code": "DC0038",
    "product_name": "DHARAMRAJ ROTARY TILLER 6 Feet ('L' TYPE ) GEAR DRIVE - 42 BLADE",
    "description": null,
    "sale_amount": 3900,
    "hsn_sac": 84328020,
    "gst": "12",
    "available_stock": 0
  }
},
{
  "model": "Developer.product",
  "pk": 39,
  "fields": {
    "product_code": "DC0039",
    "product_name": "DHARAMRAJ ROTARY TILLER 7 Feet ('L' TYPE ) GEAR DRIVE - 48 BLADE",
    "description": null,
    "sale_amount": 4000,
    "hsn_sac": 84328020,
    "gst": "12",
    "available_stock": 0
  }
},
{
  "model": "Developer.product",
  "pk": 40,
  "fields": {
    "product_code": "DC0040",
    "product_name": "DHARAMRAJ ROTARY TILLER (RF) 0.7M",
    "description": null,
    "sale_amount": 4100,
    "hsn_sac": 84328020,
    "gst": "12",
    "available_stock": 0
  }
},
{
  "model": "Developer.product",
  "pk": 41,
  "fields": {
    "product_code": "DC0041",
    "product_name": "DHARAMRAJ CULTIVATOR - 7 SPRING TYNE",
    "description": null,
    "sale_amount": 4200,
    "hsn_sac": 84328090,
    "gst": "12",
    "available_stock": 0
  }
},
{
  "model": "Developer.purchase",
  "pk": 1,
  "fields": {
    "product": 1,
    "quantity": 50,
    "purchase_date": "2023-12-16T06:56:43.776Z"
  }
},
{
  "model": "Developer.purchase",
  "pk": 2,
  "fields": {
    "product": 2,
    "quantity": 50,
    "purchase_date": "2023-12-16T06:56:50.775Z"
  }
},
{
  "model": "Developer.invoice",
  "pk": 1,
  "fields": {
    "invoice_number": "DHRMJ000001",
    "dealer": 1,
    "invoice_date": "2023-12-16",
    "total_gst_amount": 54,
    "grand_total": 354,
    "is_added_in_account": true
  }
},
{
  "model": "Developer.invoice",
  "pk": 2,
  "fields": {
    "invoice_number": "DHRMJ000002",
    "dealer": 1,
    "invoice_date": "2023-12-16",
    "total_gst_amount": 2340,
    "grand_total": 15340,
    "is_added_in_account": true
  }
},
{
  "model": "Developer.invoice",
  "pk": 3,
  "fields": {
    "invoice_number": "DHRMJ000003",
    "dealer": 1,
    "invoice_date": "2023-12-16",
    "total_gst_amount": 54,
    "grand_total": 354,
    "is_added_in_account": true
  }
},
{
  "model": "Developer.invoice",
  "pk": 4,
  "fields": {
    "invoice_number": "DHRMJ000004",
    "dealer": 1,
    "invoice_date": "2023-12-16",
    "total_gst_amount": 54,
    "grand_total": 354,
    "is_added_in_account": true
  }
},
{
  "model": "Developer.invoice",
  "pk": 5,
  "fields": {
    "invoice_number": "DHRMJ000005",
    "dealer": 1,
    "invoice_date": "2023-12-16",
    "total_gst_amount": 108,
    "grand_total": 708,
    "is_added_in_account": true
  }
},
{
  "model": "Developer.invoice",
  "pk": 6,
  "fields": {
    "invoice_number": "DHRMJ000006",
    "dealer": 1,
    "invoice_date": "2023-12-16",
    "total_gst_amount": 54,
    "grand_total": 354,
    "is_added_in_account": true
  }
},
{
  "model": "Developer.invoice",
  "pk": 7,
  "fields": {
    "invoice_number": "DHRMJ000007",
    "dealer": 1,
    "invoice_date": "2023-12-16",
    "total_gst_amount": 54,
    "grand_total": 354,
    "is_added_in_account": true
  }
},
{
  "model": "Developer.invoice",
  "pk": 8,
  "fields": {
    "invoice_number": "DHRMJ000008",
    "dealer": 2,
    "invoice_date": "2023-12-16",
    "total_gst_amount": 108,
    "grand_total": 708,
    "is_added_in_account": true
  }
},
{
  "model": "Developer.invoiceitem",
  "pk": 1,
  "fields": {
    "invoice": 1,
    "product": 2,
    "quantity": 1,
    "rate": 300,
    "gst_percent": 18.0,
    "taxable_amount": 300,
    "gst_amount": 54,
    "total_amount": 354
  }
},
{
  "model": "Developer.invoiceitem",
  "pk": 2,
  "fields": {
    "invoice": 2,
    "product": 2,
    "quantity": 30,
    "rate": 300,
    "gst_percent": 18.0,
    "taxable_amount": 9000,
    "gst_amount": 1620,
    "total_amount": 10620
  }
},
{
  "model": "Developer.invoiceitem",
  "pk": 3,
  "fields": {
    "invoice": 2,
    "product": 1,
    "quantity": 20,
    "rate": 200,
    "gst_percent": 18.0,
    "taxable_amount": 4000,
    "gst_amount": 720,
    "total_amount": 4720
  }
},
{
  "model": "Developer.invoiceitem",
  "pk": 4,
  "fields": {
    "invoice": 3,
    "product": 2,
    "quantity": 1,
    "rate": 300,
    "gst_percent": 18.0,
    "taxable_amount": 300,
    "gst_amount": 54,
    "total_amount": 354
  }
},
{
  "model": "Developer.invoiceitem",
  "pk": 5,
  "fields": {
    "invoice": 4,
    "product": 2,
    "quantity": 1,
    "rate": 300,
    "gst_percent": 18.0,
    "taxable_amount": 300,
    "gst_amount": 54,
    "total_amount": 354
  }
},
{
  "model": "Developer.invoiceitem",
  "pk": 6,
  "fields": {
    "invoice": 5,
    "product": 2,
    "quantity": 1,
    "rate": 300,
    "gst_percent": 18.0,
    "taxable_amount": 300,
    "gst_amount": 54,
    "total_amount": 354
  }
},
{
  "model": "Developer.invoiceitem",
  "pk": 7,
  "fields": {
    "invoice": 5,
    "product": 2,
    "quantity": 1,
    "rate": 300,
    "gst_percent": 18.0,
    "taxable_amount": 300,
    "gst_amount": 54,
    "total_amount": 354
  }
},
{
  "model": "Developer.invoiceitem",
  "pk": 8,
  "fields": {
    "invoice": 6,
    "product": 2,
    "quantity": 1,
    "rate": 300,
    "gst_percent": 18.0,
    "taxable_amount": 300,
    "gst_amount": 54,
    "total_amount": 354
  }
},
{
  "model": "Developer.invoiceitem",
  "pk": 9,
  "fields": {
    "invoice": 7,
    "product": 2,
    "quantity": 1,
    "rate": 300,
    "gst_percent": 18.0,
    "taxable_amount": 300,
    "gst_amount": 54,
    "total_amount": 354
  }
},
{
  "model": "Developer.invoiceitem",
  "pk": 10,
  "fields": {
    "invoice": 8,
    "product": 2,
    "quantity": 1,
    "rate": 300,
    "gst_percent": 18.0,
    "taxable_amount": 300,
    "gst_amount": 54,
    "total_amount": 354
  }
},
{
  "model": "Developer.invoiceitem",
  "pk": 11,
  "fields": {
    "invoice": 8,
    "product": 2,
    "quantity": 1,
    "rate": 300,
    "gst_percent": 18.0,
    "taxable_amount": 300,
    "gst_amount": 54,
    "total_amount": 354
  }
},
{
  "model": "Developer.account",
  "pk": 1,
  "fields": {
    "transaction_id": "TRDH000001",
    "dealer": 1,
    "amount": 354,
    "payment_mode": "other",
    "transaction_date": "2023-12-16T06:57:37.725Z",
    "is_credit": false,
    "balance": -354,
    "remark": null,
    "invoice_number": "DHRMJ000001",
    "created_by": 1,
    "modified_by": null
  }
},
{
  "model": "Developer.account",
  "pk": 2,
  "fields": {
    "transaction_id": "TRDH000002",
    "dealer": 1,
    "amount": 15340,
    "payment_mode": "other",
    "transaction_date": "2023-12-16T06:58:21.717Z",
    "is_credit": false,
    "balance": -15694,
    "remark": null,
    "invoice_number": "DHRMJ000002",
    "created_by": 1,
    "modified_by": null
  }
},
{
  "model": "Developer.account",
  "pk": 3,
  "fields": {
    "transaction_id": "TRDH000003",
    "dealer": 1,
    "amount": 12000,
    "payment_mode": "Phone Pay",
    "transaction_date": "2023-12-16T06:58:46.071Z",
    "is_credit": true,
    "balance": -3694,
    "remark": "",
    "invoice_number": null,
    "created_by": 1,
    "modified_by": null
  }
},
{
  "model": "Developer.account",
  "pk": 4,
  "fields": {
    "transaction_id": "TRDH000004",
    "dealer": 1,
    "amount": 10300,
    "payment_mode": "Credit Card",
    "transaction_date": "2023-12-16T07:32:12.057Z",
    "is_credit": true,
    "balance": 6606,
    "remark": "Trolly, Roter",
    "invoice_number": null,
    "created_by": 1,
    "modified_by": null
  }
},
{
  "model": "Developer.account",
  "pk": 5,
  "fields": {
    "transaction_id": "TRDH000005",
    "dealer": 1,
    "amount": 354,
    "payment_mode": "other",
    "transaction_date": "2023-12-16T13:09:08.678Z",
    "is_credit": false,
    "balance": 6252,
    "remark": null,
    "invoice_number": "DHRMJ000003",
    "created_by": 2,
    "modified_by": null
  }
},
{
  "model": "Developer.account",
  "pk": 6,
  "fields": {
    "transaction_id": "TRDH000006",
    "dealer": 1,
    "amount": 354,
    "payment_mode": "other",
    "transaction_date": "2023-12-16T13:10:35.835Z",
    "is_credit": false,
    "balance": 5898,
    "remark": null,
    "invoice_number": "DHRMJ000004",
    "created_by": 2,
    "modified_by": null
  }
},
{
  "model": "Developer.account",
  "pk": 7,
  "fields": {
    "transaction_id": "TRDH000007",
    "dealer": 1,
    "amount": 708,
    "payment_mode": "other",
    "transaction_date": "2023-12-16T13:13:34.826Z",
    "is_credit": false,
    "balance": 5190,
    "remark": null,
    "invoice_number": "DHRMJ000005",
    "created_by": 2,
    "modified_by": null
  }
},
{
  "model": "Developer.account",
  "pk": 8,
  "fields": {
    "transaction_id": "TRDH000008",
    "dealer": 1,
    "amount": 354,
    "payment_mode": "other",
    "transaction_date": "2023-12-16T13:28:00.303Z",
    "is_credit": false,
    "balance": 4836,
    "remark": null,
    "invoice_number": "DHRMJ000006",
    "created_by": 2,
    "modified_by": null
  }
},
{
  "model": "Developer.account",
  "pk": 9,
  "fields": {
    "transaction_id": "TRDH000009",
    "dealer": 1,
    "amount": 354,
    "payment_mode": "other",
    "transaction_date": "2023-12-16T14:13:17.311Z",
    "is_credit": false,
    "balance": 4482,
    "remark": null,
    "invoice_number": "DHRMJ000007",
    "created_by": 1,
    "modified_by": null
  }
},
{
  "model": "Developer.account",
  "pk": 10,
  "fields": {
    "transaction_id": "TRDH000010",
    "dealer": 1,
    "amount": 500,
    "payment_mode": "Phone Pay",
    "transaction_date": "2023-12-16T14:17:56.462Z",
    "is_credit": true,
    "balance": 4982,
    "remark": "Testting",
    "invoice_number": null,
    "created_by": 1,
    "modified_by": 1
  }
},
{
  "model": "Developer.account",
  "pk": 11,
  "fields": {
    "transaction_id": "TRDH000011",
    "dealer": 1,
    "amount": 500,
    "payment_mode": "Phone Pay",
    "transaction_date": "2023-12-16T14:18:07.027Z",
    "is_credit": false,
    "balance": 4482,
    "remark": "",
    "invoice_number": null,
    "created_by": 1,
    "modified_by": null
  }
},
{
  "model": "Developer.account",
  "pk": 12,
  "fields": {
    "transaction_id": "TRDH000012",
    "dealer": 2,
    "amount": 708,
    "payment_mode": "other",
    "transaction_date": "2023-12-16T14:27:01.527Z",
    "is_credit": false,
    "balance": -708,
    "remark": null,
    "invoice_number": "DHRMJ000008",
    "created_by": 2,
    "modified_by": null
  }
},
{
  "model": "Developer.account",
  "pk": 13,
  "fields": {
    "transaction_id": "TRDH000013",
    "dealer": 2,
    "amount": 500,
    "payment_mode": "Credit Card",
    "transaction_date": "2023-12-16T14:29:04.933Z",
    "is_credit": true,
    "balance": -208,
    "remark": "",
    "invoice_number": null,
    "created_by": 2,
    "modified_by": null
  }
},
{
  "model": "Developer.account",
  "pk": 14,
  "fields": {
    "transaction_id": "TRDH000014",
    "dealer": 2,
    "amount": 300,
    "payment_mode": "Phone Pay",
    "transaction_date": "2023-12-16T14:29:12.324Z",
    "is_credit": true,
    "balance": 92,
    "remark": "",
    "invoice_number": null,
    "created_by": 2,
    "modified_by": null
  }
},
{
  "model": "Developer.account",
  "pk": 15,
  "fields": {
    "transaction_id": "TRDH000015",
    "dealer": 2,
    "amount": 5000,
    "payment_mode": "Credit Card",
    "transaction_date": "2023-12-16T14:29:28.890Z",
    "is_credit": true,
    "balance": 5092,
    "remark": "",
    "invoice_number": null,
    "created_by": 2,
    "modified_by": null
  }
},
{
  "model": "Developer.account",
  "pk": 16,
  "fields": {
    "transaction_id": "TRDH000016",
    "dealer": 1,
    "amount": 100,
    "payment_mode": "Phone Pay",
    "transaction_date": "2023-12-16T14:29:36.802Z",
    "is_credit": true,
    "balance": 4582,
    "remark": "",
    "invoice_number": null,
    "created_by": 2,
    "modified_by": null
  }
},
{
  "model": "Developer.performainvoice",
  "pk": 1,
  "fields": {
    "performa_invoice_number": "PER-DH-000001",
    "party_name": "Test",
    "address": "At.Takali Sagaj Tq.Vaijapur, Dist.Aurangabad",
    "gst_number": "GSTIN220156454646",
    "date": "2023-12-16",
    "mobile": "0777682456",
    "state": 14
  }
},
{
  "model": "Developer.performainvoiceitem",
  "pk": 1,
  "fields": {
    "performa_invoice": 1,
    "product": 2,
    "quantity": 1,
    "rate": 300,
    "gst_percent": 18.0,
    "gst_amount": 54,
    "total_amount": 354,
    "taxable_amount": 300
  }
},
{
  "model": "Developer.performainvoiceitem",
  "pk": 2,
  "fields": {
    "performa_invoice": 1,
    "product": 2,
    "quantity": 1,
    "rate": 300,
    "gst_percent": 18.0,
    "gst_amount": 54,
    "total_amount": 354,
    "taxable_amount": 300
  }
}
]
